<?xml version="1.0" encoding="UTF-8"?>
<!-- This file is not required if you don't need any extra configuration. -->
<faces-config version="2.0" xmlns="http://java.sun.com/xml/ns/javaee"
	xmlns:xsi="http://www.w3.org/2001/XMLSchema-instance"
	xsi:schemaLocation="
        http://java.sun.com/xml/ns/javaee
        http://java.sun.com/xml/ns/javaee/web-facesconfig_2_0.xsd">

	<!-- This descriptor activates the JSF 2.0 Servlet -->

	<!-- Write your navigation rules here. You are encouraged to use CDI for 
		creating @Named managed beans. -->

<!-- 	<managed-bean> -->
<!-- 		<managed-bean-name>menuController</managed-bean-name> -->
<!-- 		<managed-bean-class>gob.bcb.jee.siodex.controller.MenuController</managed-bean-class> -->
<!-- 		<managed-bean-scope>session</managed-bean-scope> -->
<!-- 	</managed-bean> -->
<!--     <factory> -->
<!--         <exception-handler-factory>gob.bcb.jee.siodex.exception.ShowcaseExceptionHandlerFactory</exception-handler-factory> -->
<!--     </factory>	 -->
</faces-config>
