<?xml version="1.0" encoding="UTF-8"?>
<beans xmlns="http://www.springframework.org/schema/beans"
	xmlns:xsi="http://www.w3.org/2001/XMLSchema-instance" xmlns:p="http://www.springframework.org/schema/p"
	xmlns:tx="http://www.springframework.org/schema/tx" xmlns:context="http://www.springframework.org/schema/context"
	xsi:schemaLocation="http://www.springframework.org/schema/beans 
						http://www.springframework.org/schema/beans/spring-beans-2.5.xsd
						http://www.springframework.org/schema/context
                        http://www.springframework.org/schema/context/spring-context-2.5.xsd
    					http://www.springframework.org/schema/util 
    					http://www.springframework.org/schema/util/spring-util-2.5.xsd
    					http://www.springframework.org/schema/tx
                        http://www.springframework.org/schema/tx/spring-tx-2.5.xsd"
	xmlns:util="http://www.springframework.org/schema/util">

	<context:component-scan base-package="gob.bcb.portiaswift.dao" />
	<context:component-scan base-package="gob.bcb.bpm.siraladi.dao" />


	<bean id="applicationProperties"
		class="org.springframework.beans.factory.config.PropertyPlaceholderConfigurer">
		<property name="location">
			<bean class="org.springframework.core.io.FileSystemResource">
				<!-- <constructor-arg value="e:/opt/aplicaciones/configuraciones/web/siraladi/siraladi.properties"/> 
					<constructor-arg value="/opt/aplicaciones/configuraciones/web/siraladi/siraladi.properties"/> -->
				<constructor-arg
					value="/opt/aplicaciones/configuraciones/web/siraladi/siraladi.properties" />
			</bean>
		</property>
	</bean>

	<bean id="constantes" class="gob.bcb.portal.sirAladi.commons.Constantes">
		<property name="nombreQueueServicio" value="${jms.queue}" />
		<property name="urlQueueServicio" value="${jms.url}" />
		<property name="directorioAdjuntos" value="${sirAladi.adjuntos}" />
		<property name="servidor" value="${sirAladi.servidor}" />
	</bean>

	<bean id="ds-factoryportia"
		class="gob.bcb.service.commons.handlerdb.DataSourceManagerFactoryBean"
		destroy-method="destroy">
		<property name="unitName">
			<value>portia</value>
		</property>
		<property name="persistenceUnit">
			<value>portia_pu</value>
		</property>
		<property name="pathFile" value="${siraladi.configdb}" />
	</bean>

	<bean id="ds-factory"
		class="gob.bcb.service.commons.handlerdb.DataSourceManagerFactoryBean"
		destroy-method="destroy">
		<property name="unitName">
			<value>aladi</value>
		</property>
		<property name="persistenceUnit">
			<value>ALADI_PU</value>
		</property>
		<property name="pathFile" value="${siraladi.configdb}" />
	</bean>

	<bean id="dataSourceportia" factory-bean="ds-factoryportia"
		factory-method="createDataSource2" />

	<bean id="dataSource" factory-bean="ds-factory" factory-method="createDataSource2" />

	<bean id="entityManagerFactory"
		class="org.springframework.orm.jpa.LocalContainerEntityManagerFactoryBean"
		p:dataSource-ref="dataSource">
		<property name="persistenceUnitName" value="ALADI_PU" />
		<property name="jpaVendorAdapter">
			<bean class="org.springframework.orm.jpa.vendor.HibernateJpaVendorAdapter">
				<property name="databasePlatform" value="org.hibernate.dialect.InformixDialect" />
				<property name="showSql" value="false" />

			</bean>
		</property>
	</bean>

	<bean id="entityManagerFactoryportia"
		class="org.springframework.orm.jpa.LocalContainerEntityManagerFactoryBean"
		p:dataSource-ref="dataSourceportia">
		<property name="persistenceUnitName" value="portia_pu" />
		<property name="jpaVendorAdapter">
			<bean class="org.springframework.orm.jpa.vendor.HibernateJpaVendorAdapter">
				<property name="databasePlatform" value="org.hibernate.dialect.InformixDialect" />
				<property name="showSql" value="true" />
				<property name="generateDdl" value="false" />
			</bean>
		</property>
	</bean>

	<bean id="transactionManagerJPA" class="org.springframework.orm.jpa.JpaTransactionManager">
		<property name="entityManagerFactory" ref="entityManagerFactory" />
	</bean>

	<bean id="transactionManagerJPAportia" class="org.springframework.orm.jpa.JpaTransactionManager">
		<property name="entityManagerFactory" ref="entityManagerFactoryportia" />
	</bean>

	<bean id="sessionFactory"
		class="org.springframework.orm.hibernate3.annotation.AnnotationSessionFactoryBean">
		<property name="dataSource" ref="dataSource" />
		<property name="hibernateProperties">
			<props>
				<prop key="hibernate.dialect">org.hibernate.dialect.InformixDialect</prop>
				<prop key="hibernate.connection.release_mode">after_transaction</prop>
				<prop key="hibernate.show_sql">false</prop>
			</props>
		</property>
		<property name="annotatedClasses">
			<list>
				<value>gob.bcb.bpm.siraladi.jpa.Claves</value>
				<value>gob.bcb.bpm.siraladi.jpa.Persona</value>
				<value>gob.bcb.bpm.siraladi.jpa.Categoria</value>
				<value>gob.bcb.bpm.siraladi.jpa.DetPatrimonio</value>
				<value>gob.bcb.bpm.siraladi.jpa.UsrPersona</value>
				<value>gob.bcb.bpm.siraladi.jpa.CalifRiesgo</value>
				<value>gob.bcb.bpm.siraladi.jpa.Patrimonio</value>
				<value>gob.bcb.bpm.siraladi.jpa.ClasifProductos</value>
				<value>gob.bcb.bpm.siraladi.jpa.Pais</value>
				<value>gob.bcb.bpm.siraladi.jpa.Instrumento</value>
				<value>gob.bcb.bpm.siraladi.jpa.Identificador</value>
				<value>gob.bcb.bpm.siraladi.jpa.Institucion</value>
				<value>gob.bcb.bpm.siraladi.jpa.PersonaInst</value>
				<value>gob.bcb.bpm.siraladi.jpa.ClasifProductos</value>
				<value>gob.bcb.bpm.siraladi.jpa.Adjunto</value>
				<value>gob.bcb.bpm.siraladi.jpa.Apertura</value>
				<value>gob.bcb.bpm.siraladi.jpa.Registro</value>
				<value>gob.bcb.bpm.siraladi.jpa.Pago</value>
				<value>gob.bcb.bpm.siraladi.jpa.PlanPago</value>
				<value>gob.bcb.bpm.siraladi.jpa.RegAnticipado</value>
				<value>gob.bcb.bpm.siraladi.jpa.Patrimonio</value>
				<value>gob.bcb.bpm.siraladi.jpa.DetPatrimonio</value>
				<value>gob.bcb.bpm.siraladi.jpa.TPagoImp</value>
			</list>
		</property>
	</bean>

<!-- 	<bean id="sessionFactoryportia" -->
<!-- 		class="org.springframework.orm.hibernate3.annotation.AnnotationSessionFactoryBean"> -->
<!-- 		<property name="dataSource" ref="dataSourceportia" /> -->
<!-- 		<property name="hibernateProperties"> -->
<!-- 			<props> -->
<!-- 				<prop key="hibernate.dialect">org.hibernate.dialect.InformixDialect</prop> -->
<!-- 				<prop key="hibernate.connection.release_mode">after_transaction</prop> -->
<!-- 				<prop key="hibernate.show_sql">true</prop> -->
<!-- 			</props> -->
<!-- 		</property> -->
<!-- 		<property name="annotatedClasses"> -->
<!-- 			<list> -->
<!-- 				<value>gob.bcb.portiaswift.entities.Loader</value> -->
<!-- 			</list> -->
<!-- 		</property> -->
<!-- 	</bean> -->

	<bean id="transactionManager"
		class="org.springframework.orm.hibernate3.HibernateTransactionManager">
		<property name="sessionFactory" ref="sessionFactory" />
	</bean>

	<!-- <bean id="transactionManagerportia" -->
	<!-- class="org.springframework.orm.hibernate3.HibernateTransactionManager"> -->
	<!-- <property name="sessionFactory" ref="sessionFactoryportia" /> -->
	<!-- </bean> -->

	<bean id="hibernateTemplate" class="org.springframework.orm.hibernate3.HibernateTemplate">
		<property name="sessionFactory" ref="sessionFactory" />
	</bean>

	<bean id="sirAladiDao" class="gob.bcb.portal.sirAladi.dao.SirAladiDaoImpl">
		<property name="hibernateTemplate" ref="hibernateTemplate" />
	</bean>

	<bean class="gob.bcb.bpm.siraladi.dao.AperturaBean" />
	<bean class="gob.bcb.bpm.siraladi.dao.CalifRiesgoBean" />
	<bean class="gob.bcb.bpm.siraladi.dao.CategoriaBean" />
	<bean class="gob.bcb.bpm.siraladi.dao.ClavesBean" />
	<bean class="gob.bcb.bpm.siraladi.dao.DetPatrimonioBean" />
	<bean class="gob.bcb.bpm.siraladi.dao.DiaEspecialBean" />
	<bean class="gob.bcb.bpm.siraladi.dao.EstadoMovBean" />
	<bean class="gob.bcb.bpm.siraladi.dao.HorarioBean" />
	<bean class="gob.bcb.bpm.siraladi.dao.IdentificadorBean" />
	<bean class="gob.bcb.bpm.siraladi.dao.InstitucionBean" />
	<bean class="gob.bcb.bpm.siraladi.dao.InstrumentoBean" />
	<bean class="gob.bcb.bpm.siraladi.dao.MonedaBean" />
	<bean class="gob.bcb.bpm.siraladi.dao.MovCoinBean" />
	<bean class="gob.bcb.bpm.siraladi.dao.MovimientoBean" />
	<bean class="gob.bcb.bpm.siraladi.dao.PagoBean" />
	<bean class="gob.bcb.bpm.siraladi.dao.PaisBean" />
	<bean class="gob.bcb.bpm.siraladi.dao.ParamsBean" />
<!-- 	<bean class="gob.bcb.bpm.siraladi.dao.PatrimonioBean" /> -->
	<bean class="gob.bcb.bpm.siraladi.dao.PersonaBean" />
	<bean class="gob.bcb.bpm.siraladi.dao.PersonaInstBean" />
	<bean class="gob.bcb.bpm.siraladi.dao.PerTipoCuentaBean" />
	<bean class="gob.bcb.bpm.siraladi.dao.PlanPagoBean" />
	<bean class="gob.bcb.bpm.siraladi.dao.RegAnticipadoBean" />
	<bean class="gob.bcb.bpm.siraladi.dao.RegistroBean" />
	<bean class="gob.bcb.bpm.siraladi.dao.SwfDetmensajeBean" />
	<bean class="gob.bcb.bpm.siraladi.dao.SwfMensajeBean" />
	<bean class="gob.bcb.bpm.siraladi.dao.SwfMttransferBean" />
	<bean class="gob.bcb.bpm.siraladi.dao.SwfMttransferdetBean" />
	<bean class="gob.bcb.bpm.siraladi.dao.SwfPersonactaBean" />
	<bean class="gob.bcb.bpm.siraladi.dao.TPagoImpBean" />
	<bean class="gob.bcb.bpm.siraladi.dao.UsuarioBean" />	
	<bean class="gob.bcb.bpm.siraladi.logic.RegAnticipadoServiceBean" />
	<bean class="gob.bcb.swift.service.SwiftMessageService" />
	<bean class="gob.bcb.portiaswift.dao.LoaderQLBean" />

	<bean
		class="org.springframework.dao.annotation.PersistenceExceptionTranslationPostProcessor" />

	<bean
		class="org.springframework.orm.jpa.support.PersistenceAnnotationBeanPostProcessor" />

	<tx:annotation-driven transaction-manager="transactionManagerJPA" />
	<tx:annotation-driven transaction-manager="transactionManagerJPAportia" />

	<bean id="serviceDao" class="gob.bcb.bpm.siraladi.service.ServiceDaoImpl" />
	<bean id="serviceSwiftDao" class="gob.bcb.portiaswift.service.ServiceSwiftDaoImpl" />

</beans>

