<?xml version="1.0" encoding="UTF-8"?>
<faces-config version="1.2" xmlns="http://java.sun.com/xml/ns/javaee"
	xmlns:xi="http://www.w3.org/2001/XInclude" xmlns:xsi="http://www.w3.org/2001/XMLSchema-instance"
	xsi:schemaLocation="http://java.sun.com/xml/ns/javaee http://java.sun.com/xml/ns/javaee/web-facesconfig_1_2.xsd">
	<!-- MENU -->
	<managed-bean>
		<managed-bean-name>mainController</managed-bean-name>
		<managed-bean-class>gob.bcb.portal.sirAladi.controller.MainAladiController</managed-bean-class>
		<managed-bean-scope>session</managed-bean-scope>
	</managed-bean>
	<!-- PAGINA INICIAL -->
	<managed-bean>
		<managed-bean-name>inicioController</managed-bean-name>
		<managed-bean-class>gob.bcb.portal.sirAladi.controller.InicioController</managed-bean-class>
		<managed-bean-scope>session</managed-bean-scope>
	</managed-bean>
	<!-- PARAMETROS -->
	<managed-bean>
		<managed-bean-name>crudParametros</managed-bean-name>
		<managed-bean-class>gob.bcb.portal.sirAladi.parametros.controller.CrudParametrosController</managed-bean-class>
		<managed-bean-scope>session</managed-bean-scope>
	</managed-bean>
	<!-- IMPORTACION -->
	<managed-bean>
		<managed-bean-name>emisionImpController</managed-bean-name>
		<managed-bean-class>gob.bcb.portal.sirAladi.importacion.controller.EmisionImpController</managed-bean-class>
		<managed-bean-scope>session</managed-bean-scope>
	</managed-bean>
	<managed-bean>
		<managed-bean-name>modEmisionImpController</managed-bean-name>
		<managed-bean-class>gob.bcb.portal.sirAladi.importacion.controller.ModEmisionImpController</managed-bean-class>
		<managed-bean-scope>session</managed-bean-scope>
	</managed-bean>
	<!-- EXPORTACION -->
	<managed-bean>
		<managed-bean-name>emisionExpController</managed-bean-name>
		<managed-bean-class>gob.bcb.portal.sirAladi.exportacion.controller.EmisionExpController</managed-bean-class>
		<managed-bean-scope>session</managed-bean-scope>
	</managed-bean>
	<managed-bean>
		<managed-bean-name>modEmisionExpController</managed-bean-name>
		<managed-bean-class>gob.bcb.portal.sirAladi.exportacion.controller.ModEmisionExpController</managed-bean-class>
		<managed-bean-scope>session</managed-bean-scope>
	</managed-bean>
	<!-- COMUNES -->
	<managed-bean>
		<managed-bean-name>autEmisionController</managed-bean-name>
		<managed-bean-class>gob.bcb.portal.sirAladi.comunes.controller.AutEmisionController</managed-bean-class>
		<managed-bean-scope>session</managed-bean-scope>
	</managed-bean>
	<managed-bean>
		<managed-bean-name>eliEmisionController</managed-bean-name>
		<managed-bean-class>gob.bcb.portal.sirAladi.comunes.controller.EliEmisionController</managed-bean-class>
		<managed-bean-scope>session</managed-bean-scope>
	</managed-bean>
	<managed-bean>
		<managed-bean-name>enmiendasController</managed-bean-name>
		<managed-bean-class>gob.bcb.portal.sirAladi.comunes.controller.EnmiendasController</managed-bean-class>
		<managed-bean-scope>session</managed-bean-scope>
	</managed-bean>
	<managed-bean>
		<managed-bean-name>pagosCobrosController</managed-bean-name>
		<managed-bean-class>gob.bcb.portal.sirAladi.comunes.controller.PagosCobrosController</managed-bean-class>
		<managed-bean-scope>session</managed-bean-scope>
	</managed-bean>
	<managed-bean>
		<managed-bean-name>negociacionesController</managed-bean-name>
		<managed-bean-class>gob.bcb.portal.sirAladi.comunes.controller.NegociacionesController</managed-bean-class>
		<managed-bean-scope>request</managed-bean-scope>
	</managed-bean>
	<!-- OPERACIONES BCB -->
	<managed-bean>
		<managed-bean-name>clasificacionController</managed-bean-name>
		<managed-bean-class>gob.bcb.portal.sirAladi.operacionesBCB.controller.ClasificacionController</managed-bean-class>
		<managed-bean-scope>request</managed-bean-scope>
	</managed-bean>
	<managed-bean>
		<managed-bean-name>pagosAladiController</managed-bean-name>
		<managed-bean-class>gob.bcb.portal.sirAladi.operacionesBCB.controller.PagosAladiController</managed-bean-class>
		<managed-bean-scope>session</managed-bean-scope>
	</managed-bean>
	<managed-bean>
		<managed-bean-name>pagosAnticipadosImpController</managed-bean-name>
		<managed-bean-class>gob.bcb.portal.sirAladi.operacionesBCB.controller.PagosAnticipadosImpController</managed-bean-class>
		<managed-bean-scope>session</managed-bean-scope>
	</managed-bean>
	<managed-bean>
		<managed-bean-name>pagosAnticipadosExpController</managed-bean-name>
		<managed-bean-class>gob.bcb.portal.sirAladi.operacionesBCB.controller.PagosAnticipadosExpController</managed-bean-class>
		<managed-bean-scope>session</managed-bean-scope>
	</managed-bean>
	<managed-bean>
		<managed-bean-name>actualizarInstitucionesController</managed-bean-name>
		<managed-bean-class>gob.bcb.portal.sirAladi.operacionesBCB.controller.ActualizarInstitucionesController</managed-bean-class>
		<managed-bean-scope>session</managed-bean-scope>
	</managed-bean>
	<managed-bean>
		<managed-bean-name>monitorOpeNoRegController</managed-bean-name>
		<managed-bean-class>gob.bcb.portal.sirAladi.operacionesBCB.controller.MonitorOpeNoRegController</managed-bean-class>
		<managed-bean-scope>session</managed-bean-scope>
	</managed-bean>
	<!-- REPORTES -->
	<managed-bean>
		<managed-bean-name>repInstitucionesController</managed-bean-name>
		<managed-bean-class>gob.bcb.portal.sirAladi.reportes.controller.RepInstitucionesController</managed-bean-class>
		<managed-bean-scope>session</managed-bean-scope>
	</managed-bean>
	<managed-bean>
		<managed-bean-name>repEstadoOpeController</managed-bean-name>
		<managed-bean-class>gob.bcb.portal.sirAladi.reportes.controller.RepEstadoOpeController</managed-bean-class>
		<managed-bean-scope>request</managed-bean-scope>
	</managed-bean>
	<managed-bean>
		<managed-bean-name>repHistoricoController</managed-bean-name>
		<managed-bean-class>gob.bcb.portal.sirAladi.reportes.controller.RepHistoricoController</managed-bean-class>
		<managed-bean-scope>request</managed-bean-scope>
	</managed-bean>
	<managed-bean>
		<managed-bean-name>repPagosAnticipadosController</managed-bean-name>
		<managed-bean-class>gob.bcb.portal.sirAladi.reportes.controller.RepPagosAnticipadosController</managed-bean-class>
		<managed-bean-scope>session</managed-bean-scope>
	</managed-bean>
	<managed-bean>
		<managed-bean-name>repOperacionesController</managed-bean-name>
		<managed-bean-class>gob.bcb.portal.sirAladi.reportes.controller.RepOperacionesController</managed-bean-class>
		<managed-bean-scope>request</managed-bean-scope>
	</managed-bean>
	<managed-bean>
		<managed-bean-name>repRelPatrominioController</managed-bean-name>
		<managed-bean-class>gob.bcb.portal.sirAladi.reportes.controller.RepRelPatrimonioController</managed-bean-class>
		<managed-bean-scope>session</managed-bean-scope>
	</managed-bean>
	<managed-bean>
		<managed-bean-name>repSaldosExpController</managed-bean-name>
		<managed-bean-class>gob.bcb.portal.sirAladi.reportes.controller.RepSaldosExpController</managed-bean-class>
		<managed-bean-scope>session</managed-bean-scope>
	</managed-bean>
	<managed-bean>
		<managed-bean-name>repCalificacionController</managed-bean-name>
		<managed-bean-class>gob.bcb.portal.sirAladi.reportes.controller.RepCalificacionController</managed-bean-class>
		<managed-bean-scope>session</managed-bean-scope>
	</managed-bean>


	<managed-bean>
		<managed-bean-name>Liberar</managed-bean-name>
		<managed-bean-class>gob.bcb.portal.sirAladi.commons.Liberar</managed-bean-class>
		<managed-bean-scope>none</managed-bean-scope>
	</managed-bean>
	<managed-bean>
		<managed-bean-name>aperturaSearchPanel</managed-bean-name>
		<managed-bean-class>gob.bcb.portal.sirAladi.view.AperturaSearchPanel</managed-bean-class>
		<managed-bean-scope>request</managed-bean-scope>
	</managed-bean>
	<managed-bean>
		<managed-bean-name>aperturaViewBean</managed-bean-name>
		<managed-bean-class>gob.bcb.portal.sirAladi.view.AperturaViewBean</managed-bean-class>
		<managed-bean-scope>request</managed-bean-scope>
	</managed-bean>
	<managed-bean>
		<managed-bean-name>pagoViewBean</managed-bean-name>
		<managed-bean-class>gob.bcb.portal.sirAladi.view.PagoViewBean</managed-bean-class>
		<managed-bean-scope>request</managed-bean-scope>
	</managed-bean>
	<managed-bean>
		<managed-bean-name>registroViewBean</managed-bean-name>
		<managed-bean-class>gob.bcb.portal.sirAladi.view.RegistroViewBean</managed-bean-class>
		<managed-bean-scope>request</managed-bean-scope>
	</managed-bean>
	<managed-bean>
		<managed-bean-name>patrimonioViewBean</managed-bean-name>
		<managed-bean-class>gob.bcb.portal.sirAladi.view.PatrimonioViewBean</managed-bean-class>
		<managed-bean-scope>request</managed-bean-scope>
	</managed-bean>
	<managed-bean>
		<managed-bean-name>detPatrimonioViewBean</managed-bean-name>
		<managed-bean-class>gob.bcb.portal.sirAladi.view.DetPatrimonioViewBean</managed-bean-class>
		<managed-bean-scope>request</managed-bean-scope>
	</managed-bean>

	<managed-bean>
		<managed-bean-name>institucionController</managed-bean-name>
		<managed-bean-class>gob.bcb.portal.sirAladi.view.parametricas.InstitucionController</managed-bean-class>
		<managed-bean-scope>session</managed-bean-scope>
	</managed-bean>
	
	<managed-bean>
		<managed-bean-name>swfMensajeController</managed-bean-name>
		<managed-bean-class>gob.bcb.portal.sirAladi.view.SwfMensajeController</managed-bean-class>
		<managed-bean-scope>session</managed-bean-scope>
	</managed-bean>	
	<managed-bean>
		<managed-bean-name>usuarioController</managed-bean-name>
		<managed-bean-class>gob.bcb.portal.sirAladi.view.parametricas.UsuarioController</managed-bean-class>
		<managed-bean-scope>session</managed-bean-scope>
	</managed-bean>	
	<managed-bean>
		<managed-bean-name>horarioController</managed-bean-name>
		<managed-bean-class>gob.bcb.portal.sirAladi.view.parametricas.HorarioController</managed-bean-class>
		<managed-bean-scope>session</managed-bean-scope>
	</managed-bean>
	<managed-bean>
		<managed-bean-name>reportesGenericos</managed-bean-name>
		<managed-bean-class>gob.bcb.portal.sirAladi.reportes.controller.ReportesGenericos</managed-bean-class>
		<managed-bean-scope>request</managed-bean-scope>
	</managed-bean>
	<managed-bean>
		<managed-bean-name>parametrosSistController</managed-bean-name>
		<managed-bean-class>gob.bcb.portal.sirAladi.view.parametricas.ParametrosSistController</managed-bean-class>
		<managed-bean-scope>session</managed-bean-scope>
	</managed-bean>
	<managed-bean>
		<managed-bean-name>califRiesgoController</managed-bean-name>
		<managed-bean-class>gob.bcb.portal.sirAladi.view.parametricas.CalifRiesgoController</managed-bean-class>
		<managed-bean-scope>session</managed-bean-scope>
	</managed-bean>
	<managed-bean>
		<managed-bean-name>personaController</managed-bean-name>
		<managed-bean-class>gob.bcb.portal.sirAladi.view.parametricas.PersonaController</managed-bean-class>
		<managed-bean-scope>session</managed-bean-scope>
	</managed-bean>
	<managed-bean>
		<managed-bean-name>clasifProductosController</managed-bean-name>
		<managed-bean-class>gob.bcb.portal.sirAladi.view.parametricas.ClasifProductosController</managed-bean-class>
		<managed-bean-scope>session</managed-bean-scope>
	</managed-bean>  	
	<!-- APLICACION -->
	<application>
		<view-handler>com.sun.facelets.FaceletViewHandler</view-handler>
		<locale-config>
			<default-locale>en_US</default-locale>
		</locale-config>
	</application>
</faces-config>
