<?xml version="1.0" encoding="UTF-8" ?>
<!DOCTYPE log4j:configuration SYSTEM "log4j.dtd">
<log4j:configuration debug="false" xmlns:log4j='http://jakarta.apache.org/log4j/'>
  <appender name="STDOUT" class="org.apache.log4j.ConsoleAppender">
    <layout class="org.apache.log4j.PatternLayout">
      <param name="ConversionPattern" value="%-4r [%t] %-5p %c.%M(%L) %x - %m%n" />
    </layout>
  </appender>

  <appender name="ROLLING" class="org.apache.log4j.DailyRollingFileAppender">
    <param name="File" value="/opt/aplicaciones/configuraciones/web/siraladi/logs/siraladiweb.log />
    <param name="DatePattern" value=".yyyy-MM-dd" />
    <layout class="org.apache.log4j.PatternLayout">
      <param name="ConversionPattern" value="%d %5p [%t] %c.%M(%L) - %m%n" />
    </layout>
  </appender>

  <!-- limit package org.hibernate -->

  <logger name="org.hibernate" additivity="false">
    <level value="INFO" />
  </logger>


  <!-- limit package org.springframework -->
  <category name="org.springframework">
    <priority value="INFO" />
  </category>

  <!-- limit package org.apache.commons -->
  <category name="org.apache.commons">
    <priority value="INFO" />
  </category>

  <!-- limit package org.apache.commons -->
  <category name="org.apache.activemq">
    <priority value="INFO" />
  </category>

  <root>
    <level value="debug" />
    <appender-ref ref="STDOUT" />
    <appender-ref ref="ROLLING" />
  </root>
</log4j:configuration>