<?xml version="1.0" encoding="UTF-8"?>
<beans xmlns="http://www.springframework.org/schema/beans"
	   xmlns:xsi="http://www.w3.org/2001/XMLSchema-instance"
	   xsi:schemaLocation="
		http://www.springframework.org/schema/beans http://www.springframework.org/schema/beans/spring-beans-2.0.xsd">
  
	<bean id="ServiceListener" class="gob.bcb.service.siraladi.ServerListener"/>

  	<bean id="ServiceDestination" class="org.apache.activemq.command.ActiveMQQueue">
    	<constructor-arg value="GOB.BCB.SERVICE.SIRALADI" />
    </bean>
    
 	<bean id="ServiceListenerContainer" class="org.springframework.jms.listener.DefaultMessageListenerContainer">
    	<property name="connectionFactory" ref="ConnectionFactory" />
      	<property name="destination" ref="ServiceDestination" />
      	<property name="concurrentConsumers" value="3" />
      	<property name="messageListener" ref="ServiceListener" />
    </bean>
    
    <bean id="ConnectionFactory" class="org.apache.activemq.ActiveMQConnectionFactory">
    	<!-- <property name="brokerURL" value="tcp://112.2.11.13:61616" /> -->
		<!-- <property name="brokerURL" value="tcp://10.2.11.91:61616" /> -->    	
    	<property name="brokerURL" value="tcp://localhost:61616" />    	
    </bean>
  
</beans>