<?xml version="1.0" encoding="UTF-8"?>
<!DOCTYPE facelet-taglib PUBLIC
    "-//Sun Microsystems, Inc.//DTD Facelet Taglib 1.0//EN"
    "http://java.sun.com/dtd/facelet-taglib_1_0.dtd">

<facelet-taglib>

	<namespace>http://bcb.gov.bo/security</namespace>

	<function>
		<function-name>isUserAuthorizated</function-name>
		<function-class>
			gob.bcb.core.seguridad.web.AuthnHandler
    </function-class>
		<function-signature>
			boolean isUserAuthorizated(java.lang.String)
    </function-signature>
	</function>

	<function>
		<function-name>getUserPrincipal</function-name>
		<function-class>
			gob.bcb.core.seguridad.web.AuthnHandler
    </function-class>
		<function-signature>
			java.lang.String getUserPrincipal()
    </function-signature>
	</function>

</facelet-taglib>
