<?xml version="1.0" encoding="UTF-8"?>
<beans xmlns="http://www.springframework.org/schema/beans"
	xmlns:xsi="http://www.w3.org/2001/XMLSchema-instance"
	xsi:schemaLocation="http://www.springframework.org/schema/beans http://www.springframework.org/schema/beans/spring-beans-2.5.xsd
    http://www.springframework.org/schema/util http://www.springframework.org/schema/util/spring-util-2.5.xsd"
	xmlns:util="http://www.springframework.org/schema/util">

	<bean id="C3P0HibernatePropertiesSiocCoin"
		class="org.springframework.beans.factory.config.PropertiesFactoryBean">
	</bean>
	<bean id="configurationServCoin" class="gob.bcb.service.commons.ConfigurationServ"></bean>
	<bean id="pathDBConfigCoin" factory-bean="configurationServ" factory-method="pathDbConfig" />

	<bean id="ds-factorySiocCoin"
		class="gob.bcb.service.commons.handlerdb.DataSourceManagerFactoryBean"
		destroy-method="destroy">
		<property name="unitName">
			<value>coin</value>
		</property>
		<property name="pathFile" ref="pathDBConfigCoin"/>		
	</bean>

	<!-- configuracion de hibernate -->
	<bean id="dataSourceSiocCoin" factory-bean="ds-factorySiocCoin"
		factory-method="createDataSource2" />

	<bean id="sessionFactoryBeanSiocCoin"
		class="org.springframework.orm.hibernate3.annotation.AnnotationSessionFactoryBean">
		<property name="dataSource" ref="dataSourceSiocCoin" />
<!-- 		<property name="hibernateProperties" ref="C3P0HibernatePropertiesSiocCoin" /> -->

		<property name="hibernateProperties">
			<props>
				<prop key="hibernate.dialect">org.hibernate.dialect.InformixDialect</prop>
				<prop key="hibernate.connection.release_mode">after_transaction</prop>
				<prop key="hibernate.show_sql">false</prop>
<!-- 				<prop key="hibernate.c3p0.min_size">21</prop> -->
				<prop key="hibernate.connection.isolation">8</prop>				
			</props>
		</property>		
		<property name="annotatedClasses">
			<list>
				<value>gob.bcb.service.servicioTres.model.CuentaMayor</value>
				<value>gob.bcb.service.servicioTres.model.CuentaMovimiento</value>
				<value>gob.bcb.service.servicioTres.model.Comprobante</value>
				<value>gob.bcb.service.servicioTres.model.ComprobanteId</value>
				<value>gob.bcb.service.servicioTres.model.EstadoComprob</value>
				<value>gob.bcb.service.servicioTres.model.EstadoComprobId</value>
				<value>gob.bcb.service.servicioTres.model.FactorConvMn</value>
				<value>gob.bcb.service.servicioTres.model.FactorConvMnId</value>
				<value>gob.bcb.service.servicioTres.model.RengComprob</value>
				<value>gob.bcb.service.servicioTres.model.RengComprobId</value>
				<value>gob.bcb.service.servicioTres.model.ImpSigma</value>
				<value>gob.bcb.service.servicioTres.model.ImpSigmaId</value>
				<value>gob.bcb.service.servicioTres.model.ImpPresup</value>
				<value>gob.bcb.service.servicioTres.model.ImpPresupId</value>
				<value>gob.bcb.service.servicioTres.model.ImpOrdenPago</value>
				<value>gob.bcb.service.servicioTres.model.ImpOrdenPagoId</value>
				<value>gob.bcb.service.servicioTres.model.Factura</value>
				<value>gob.bcb.service.servicioTres.model.FacturaId</value>
				<value>gob.bcb.service.servicioTres.model.FacturaConcepto</value>
				<value>gob.bcb.service.servicioTres.model.FacturaConceptoId</value>
				<value>gob.bcb.service.servicioTres.model.RengConcilia</value>
				<value>gob.bcb.service.servicioTres.model.RengConciliaId</value>
				<value>gob.bcb.service.servicioTres.model.SaldoConcilia</value>
				<value>gob.bcb.service.servicioTres.model.SaldoConciliaId</value>
				<value>gob.bcb.service.servicioTres.model.FacturaSinCredito</value>
				<value>gob.bcb.service.servicioTres.model.FacturaSinCreditoId
				</value>
				<value>gob.bcb.service.servicioTres.model.FacturaConceptoSinCredito
				</value>
				<value>gob.bcb.service.servicioTres.model.FacturaConceptoSinCreditoId
				</value>
			</list>
		</property>
	</bean>

	<bean id="hibernateDaoSupportSiocCoin" abstract="true"
		class="org.springframework.orm.hibernate3.support.HibernateDaoSupport">
		<property name="sessionFactory" ref="sessionFactoryBeanSiocCoin" />
	</bean>

	<!-- Definicion de Dao's -->

	<bean id="factorConvMnDao" class="gob.bcb.service.servicioTres.model.FactorConvMnDao"
		parent="hibernateDaoSupportSiocCoin" />
	<bean id="comprobanteDao" class="gob.bcb.service.servicioTres.model.ComprobanteDao"
		parent="hibernateDaoSupportSiocCoin" />
	<bean id="estadoComprobDao" class="gob.bcb.service.servicioTres.model.EstadoComprobDao"
		parent="hibernateDaoSupportSiocCoin" />
	<bean id="rengComprobDao" class="gob.bcb.service.servicioTres.model.RengComprobDao"
		parent="hibernateDaoSupportSiocCoin" />
	<bean id="impSigmaDao" class="gob.bcb.service.servicioTres.model.ImpSigmaDao"
		parent="hibernateDaoSupportSiocCoin" />
	<bean id="impPresupDao" class="gob.bcb.service.servicioTres.model.ImpPresupDao"
		parent="hibernateDaoSupportSiocCoin" />
	<bean id="impOrdenPagoDao" class="gob.bcb.service.servicioTres.model.ImpOrdenPagoDao"
		parent="hibernateDaoSupportSiocCoin" />
	<bean id="facturaDao" class="gob.bcb.service.servicioTres.model.FacturaDao"
		parent="hibernateDaoSupportSiocCoin" />
	<bean id="facturaConceptoDao" class="gob.bcb.service.servicioTres.model.FacturaConceptoDao"
		parent="hibernateDaoSupportSiocCoin" />
	<bean id="rengConciliaDao" class="gob.bcb.service.servicioTres.model.RengConciliaDao"
		parent="hibernateDaoSupportSiocCoin" />
	<bean id="saldoConciliaDao" class="gob.bcb.service.servicioTres.model.SaldoConciliaDao"
		parent="hibernateDaoSupportSiocCoin" />
	<bean id="facturaSinCreditoDao" class="gob.bcb.service.servicioTres.model.FacturaSinCreditoDao"
		parent="hibernateDaoSupportSiocCoin" />
	<bean id="facturaConceptoSinCreditoDao"
		class="gob.bcb.service.servicioTres.model.FacturaConceptoSinCreditoDao"
		parent="hibernateDaoSupportSiocCoin" />

	<bean id="utilsSioc" class="gob.bcb.bpm.pruebaCU.UtilsSioc">
		<property name="factorConvMnDao" ref="factorConvMnDao" />
	</bean>

	<bean id="factoryDaoSiocCoin" class="gob.bcb.bpm.pruebaCU.FactoryDao">
		<property name="sessionFactory" ref="sessionFactoryBeanSiocCoin" />
		<property name="daos">
			<map>
				<entry key="FactorConvMnDao" value-ref="factorConvMnDao" />
				<entry key="ComprobanteDao" value-ref="comprobanteDao" />
				<entry key="EstadoComprobDao" value-ref="estadoComprobDao" />
				<entry key="RengComprobDao" value-ref="rengComprobDao" />
				<entry key="ImpSigmaDao" value-ref="impSigmaDao" />
				<entry key="ImpPresupDao" value-ref="impPresupDao" />
				<entry key="ImpOrdenPagoDao" value-ref="impOrdenPagoDao" />
				<entry key="FacturaDao" value-ref="facturaDao" />
				<entry key="FacturaConceptoDao" value-ref="facturaConceptoDao" />
				<entry key="RengConciliaDao" value-ref="rengConciliaDao" />
				<entry key="SaldoConciliaDao" value-ref="saldoConciliaDao" />
				<entry key="FacturaSinCreditoDao" value-ref="facturaSinCreditoDao" />
				<entry key="FacturaConceptoSinCreditoDao" value-ref="facturaConceptoSinCreditoDao" />
			</map>
		</property>
	</bean>

</beans>