<?xml version="1.0" encoding="UTF-8"?>
<beans xmlns="http://www.springframework.org/schema/beans"
	xmlns:xsi="http://www.w3.org/2001/XMLSchema-instance"
	xsi:schemaLocation="http://www.springframework.org/schema/beans http://www.springframework.org/schema/beans/spring-beans-2.5.xsd
    http://www.springframework.org/schema/util http://www.springframework.org/schema/util/spring-util-2.5.xsd"
	xmlns:util="http://www.springframework.org/schema/util">

	<bean id="C3P0HibernatePropertiesPortia"
		class="org.springframework.beans.factory.config.PropertiesFactoryBean">
	</bean>
	<bean id="configurationServPortia" class="gob.bcb.service.commons.ConfigurationServ"></bean>
	<bean id="pathDBConfigPortia" factory-bean="configurationServ" factory-method="pathDbConfig" />

	<bean id="ds-factoryPortia"
		class="gob.bcb.service.commons.handlerdb.DataSourceManagerFactoryBean"
		destroy-method="destroy">
		<property name="unitName">
			<value>portia</value>
		</property>
		<property name="pathFile" ref="pathDBConfigPortia"/>		
	</bean>

	<!-- configuracion de hibernate -->
	<bean id="dataSourcePortia" factory-bean="ds-factoryPortia"
		factory-method="createDataSource2" />

	<bean id="sessionFactoryBeanPortia"
		class="org.springframework.orm.hibernate3.annotation.AnnotationSessionFactoryBean">
		<property name="dataSource" ref="dataSourcePortia" />
		<property name="hibernateProperties" ref="C3P0HibernatePropertiesPortia" />
		<property name="annotatedClasses">
			<list>
				<value>gob.bcb.service.servicioPortiaSwift.model.Loader</value>
			</list>
		</property>
	</bean>

	<bean id="hibernateDaoSupportPortia" abstract="true"
		class="org.springframework.orm.hibernate3.support.HibernateDaoSupport">
		<property name="sessionFactory" ref="sessionFactoryBeanPortia" />
	</bean>

	<!-- Definicion de Dao's -->

	<bean id="loaderDao" class="gob.bcb.service.servicioPortiaSwift.model.LoaderDao"
		parent="hibernateDaoSupportPortia" />

	<bean id="factoryDaoPortia" class="gob.bcb.bpm.pruebaCU.FactoryDao">
		<property name="sessionFactory" ref="sessionFactoryBeanPortia" />
		<property name="daos">
			<map>
				<entry key="LoaderDao" value-ref="loaderDao" />
			</map>
		</property>
	</bean>

</beans>