<?xml version="1.0" encoding="UTF-8"?>
<ds:Signature xmlns:ds="http://www.w3.org/2000/09/xmldsig#">
	<ds:SignedInfo>
		<ds:CanonicalizationMethod Algorithm="http://www.w3.org/TR/2001/REC-xml-c14n-20010315"/>
		<ds:SignatureMethod Algorithm="http://www.w3.org/2000/09/xmldsig#dsa-sha1"/>
		<ds:Reference URI="#SignedData">
			<ds:Transforms>
				<ds:Transform Algorithm="http://www.w3.org/TR/2001/REC-xml-c14n-20010315#WithComments"/>
			</ds:Transforms>
			<ds:DigestMethod Algorithm="http://www.w3.org/2000/09/xmldsig#sha1"/>
			<ds:DigestValue>Ujotz4pKjHGqAjmMF+B5UkredeI=</ds:DigestValue>
		</ds:Reference>
	</ds:SignedInfo>
	<ds:SignatureValue>RC+yszMMZkWAe7pD1ZezUMb99SgUiUHo4JkRAyxQN2vRjaycGPsU6g==</ds:SignatureValue>
	<ds:Object Id="SignedData">
		<respuesta>
			<ID>1</ID>
			<Fecha>20130717</Fecha>
			<totalReg>2</totalReg>
			<Autorizados>
				<Autorizado>
					<codigo>00296401</codigo>
					<prestamo>117000</prestamo>
					<tramo>1</tramo>
					<estado>A</estado>
					<observacion>NINGUNA</observacion>
					<cuentaServicio>3987069001</cuentaServicio>
					<libretaServicio>00890508003</libretaServicio>
					<cuentaComisiones>3987069001</cuentaComisiones>
					<libretaComisiones>00660104201</libretaComisiones>
				</Autorizado>
				<Autorizado>
					<codigo>00296601</codigo>
					<prestamo>120000</prestamo>
					<tramo>1</tramo>
					<estado>A</estado>
					<observacion>NINGUNA</observacion>
					<cuentaServicio>3987069001</cuentaServicio>
					<libretaServicio>00410101101</libretaServicio>
					<cuentaComisiones>3987069001</cuentaComisiones>
					<libretaComisiones>00810104301</libretaComisiones>
				</Autorizado>
			</Autorizados>
		</respuesta>
	</ds:Object>
</ds:Signature>