<?xml version="1.0" encoding="UTF-8"?>
<!-- Es una fuente de datos (datasource) no administrada. 
   Se utiliza solo para pruebas por que maneja una base de datos de pruebas en memoria,
   que nos provee JBoss AS. -->
<datasources xmlns="http://www.jboss.org/ironjacamar/schema"
   xmlns:xsi="http://www.w3.org/2001/XMLSchema-instance"
   xsi:schemaLocation="http://www.jboss.org/ironjacamar/schema http://docs.jboss.org/ironjacamar/schema/datasources_1_0.xsd">
   <!-- The datasource is bound into JNDI at this location. We reference 
      this in META-INF/persistence.xml -->
   <datasource jndi-name="java:jboss/datasources/bcb-siodexDS"
      pool-name="bcb-siodex" enabled="true"
      use-java-context="true">
      <connection-url>jdbc:h2:mem:bcb-siodex;DB_CLOSE_DELAY=-1</connection-url>
      <driver>h2</driver>
      <security>
         <user-name>sa</user-name>
         <password>sa</password>
      </security>
   </datasource>
</datasources>
 