<?xml version="1.0" encoding="UTF-8"?>
<jboss-ejb-client xmlns:xsi="urn:jboss:ejb-client:1.0" xsi:noNamespaceSchemaLocation="jboss-ejb-client_1_2.xsd">
		<client-context>
			<ejb-receivers>
                 <remoting-ejb-receiver outbound-connection-ref="remote-ejb-connection"/>
            </ejb-receivers>	
			<clusters >
                      <cluster name="ejb" username="ejbUser" security-realm="ejb-security-realm">
                          <connection-creation-options>
                                <property name="org.xnio.Options.SSL_ENABLED" value="false"/>
                                <property name="org.xnio.Options.SASL_POLICY_NOANONYMOUS" value="false"/>                  
                            </connection-creation-options>
                      </cluster>
            </clusters>			
		</client-context>
</jboss-ejb-client>