<?xml version="1.0" encoding="UTF-8"?>
<ds:Signature xmlns:ds="http://www.w3.org/2000/09/xmldsig#">
	<ds:SignedInfo>
		<ds:CanonicalizationMethod
			Algorithm="http://www.w3.org/TR/2001/REC-xml-c14n-20010315" />
		<ds:SignatureMethod Algorithm="http://www.w3.org/2000/09/xmldsig#dsa-sha1" />
		<ds:Reference URI="#SignedData">
			<ds:Transforms>
				<ds:Transform
					Algorithm="http://www.w3.org/TR/2001/REC-xml-c14n-20010315#WithComments" />
			</ds:Transforms>
			<ds:DigestMethod Algorithm="http://www.w3.org/2000/09/xmldsig#sha1" />
			<ds:DigestValue>Ku9AkVhMWRveZHOVvQ7lV4yl6Ps=</ds:DigestValue>
		</ds:Reference>
	</ds:SignedInfo>
	<ds:SignatureValue>GwPJCTW38JVVatHH/RUAJYpQj/qXKXgmVuffkdYin0r/omvhVcr5jg==</ds:SignatureValue>
	<ds:Object Id="SignedData">
		<respuesta>
			<ID>1</ID>
			<Fecha>20130624</Fecha>
			<totalReg>3</totalReg>
			<Observados>
				<Observado>
					<codigo>00296401</codigo>
					<prestamo>117000</prestamo>
					<tramo>1</tramo>
					<observacion>Monto no coincide</observacion>
				</Observado>
				<Observado>
					<codigo>00296402</codigo>
					<prestamo>117000</prestamo>
					<tramo>1</tramo>
					<observacion>Monto no coincide</observacion>
				</Observado>
				<Observado>
					<codigo>00296601</codigo>
					<prestamo>120000</prestamo>
					<tramo>1</tramo>
					<observacion>Monto no coincide</observacion>
				</Observado>
			</Observados>
		</respuesta>
	</ds:Object>
</ds:Signature>